<?xml version="1.0" encoding="UTF-8"?>
<beans xmlns="http://www.springframework.org/schema/beans"
    xmlns:xsi="http://www.w3.org/2001/XMLSchema-instance"
    xmlns:mvc="http://www.springframework.org/schema/mvc"
    xmlns:context="http://www.springframework.org/schema/context"
    xsi:schemaLocation="http://www.springframework.org/schema/beans
        http://www.springframework.org/schema/beans/spring-beans-3.2.xsd
        http://www.springframework.org/schema/mvc
        http://www.springframework.org/schema/mvc/spring-mvc-3.2.xsd  
        http://www.springframework.org/schema/context
        http://www.springframework.org/schema/context/spring-context-3.2.xsd">

    <mvc:annotation-driven />
 	<!-- <mvc:view-controller path="/400" view-name="400" />
    <mvc:view-controller path="/401" view-name="401" />
    <mvc:view-controller path="/403" view-name="403" />
    <mvc:view-controller path="/404" view-name="404" /> -->
    
    <context:component-scan base-package="gefpmvc.web" />

    <bean class="org.springframework.web.servlet.view.InternalResourceViewResolver">
        <property name="prefix" value="/WEB-INF/jsp/" />
        <property name="suffix" value=".jsp" />
    </bean>
    
    <bean id="viewResolver" class="org.springframework.web.servlet.view.UrlBasedViewResolver">
		<property name="viewClass">
		        <value>
		            org.springframework.web.servlet.view.tiles2.TilesView
		        </value>
		 </property>
	</bean>
<!-- 	<bean id="tilesConfigurer" class="org.springframework.web.servlet.view.tiles2.TilesConfigurer">
	    <property name="definitions">
	        <list>
	            <value>/WEB-INF/tiles-definitions.xml</value>
	        </list>
	    </property>
	</bean> -->
	
	<!--   <bean id="tilesConfigurer" class="org.springframework.web.servlet.view.tiles3.TilesConfigurer">
        <property name="definitions">
            <list>
                <value>/WEB-INF/tiles-definitions.xml</value>
            </list>
        </property>
    </bean>
 -->
    <bean id="messageSource" class="org.springframework.context.support.ResourceBundleMessageSource">
        <property name="basename" value="messages" />
    </bean>
    
    <bean id="jsonView" class="org.springframework.web.servlet.view.json.MappingJackson2JsonView" />
    
     <bean id="exceptionResolver" class="gefpmvc.web.resolver.ExceptionResolver">
        <property name="exceptionMappings">
            <props>
                <prop key="AccessDeniedException">exception/access</prop>
                <prop key="MailException">exception/email</prop>
            </props>
        </property>
        <property name="defaultErrorView" value="exception/default" />
    </bean>
</beans>